{
  "timestamp": "20250809T062306Z",
  "git_sha": "bbdbbc7c48071ee0d3bcf57742c83828c0dc06ac",
  "git_tag": "emotional-os-core-v1",
  "commit_short": "bbdbbc7",
  "python": "3.9.6",
  "platform": "macOS-15.6-arm64-arm-64bit",
  "packages": [
    [
      "MarkupSafe",
      "3.0.2"
    ],
    [
      "Pillow",
      "10.1.0"
    ],
    [
      "PyYAML",
      "6.0.2"
    ],
    [
      "aiofiles",
      "23.2.1"
    ],
    [
      "altgraph",
      "0.17.2"
    ],
    [
      "annotated-types",
      "0.7.0"
    ],
    [
      "anyio",
      "3.7.1"
    ],
    [
      "async-timeout",
      "5.0.1"
    ],
    [
      "black",
      "23.11.0"
    ],
    [
      "certifi",
      "2025.1.31"
    ],
    [
      "cffi",
      "1.17.1"
    ],
    [
      "charset-normalizer",
      "3.4.2"
    ],
    [
      "click",
      "8.1.8"
    ],
    [
      "colorama",
      "0.4.6"
    ],
    [
      "coverage",
      "7.10.2"
    ],
    [
      "cryptography",
      "45.0.6"
    ],
    [
      "dnspython",
      "2.7.0"
    ],
    [
      "email-validator",
      "2.2.0"
    ],
    [
      "exceptiongroup",
      "1.3.0"
    ],
    [
      "fastapi",
      "0.104.1"
    ],
    [
      "fastapi-cli",
      "0.0.7"
    ],
    [
      "ffmpeg-python",
      "0.2.0"
    ],
    [
      "future",
      "0.18.2"
    ],
    [
      "h11",
      "0.14.0"
    ],
    [
      "httpcore",
      "1.0.8"
    ],
    [
      "httptools",
      "0.6.4"
    ],
    [
      "httpx",
      "0.25.2"
    ],
    [
      "hume",
      "0.3.0"
    ],
    [
      "idna",
      "3.10"
    ],
    [
      "iniconfig",
      "2.1.0"
    ],
    [
      "itsdangerous",
      "2.2.0"
    ],
    [
      "jinja2",
      "3.1.6"
    ],
    [
      "joblib",
      "1.5.1"
    ],
    [
      "loguru",
      "0.7.2"
    ],
    [
      "macholib",
      "1.15.2"
    ],
    [
      "markdown-it-py",
      "3.0.0"
    ],
    [
      "mdurl",
      "0.1.2"
    ],
    [
      "mypy-extensions",
      "1.1.0"
    ],
    [
      "nulltype",
      "2.3.1"
    ],
    [
      "numpy",
      "1.24.3"
    ],
    [
      "opencv-python",
      "4.8.1.78"
    ],
    [
      "orjson",
      "3.10.16"
    ],
    [
      "packaging",
      "25.0"
    ],
    [
      "pathspec",
      "0.12.1"
    ],
    [
      "pip",
      "21.2.4"
    ],
    [
      "plaid-python",
      "17.0.0"
    ],
    [
      "platformdirs",
      "4.3.8"
    ],
    [
      "pluggy",
      "1.6.0"
    ],
    [
      "psutil",
      "5.9.6"
    ],
    [
      "pycparser",
      "2.22"
    ],
    [
      "pydantic",
      "2.5.0"
    ],
    [
      "pydantic-core",
      "2.14.1"
    ],
    [
      "pydantic-extra-types",
      "2.10.3"
    ],
    [
      "pydantic-settings",
      "2.1.0"
    ],
    [
      "pygments",
      "2.19.1"
    ],
    [
      "pytest",
      "7.4.3"
    ],
    [
      "pytest-asyncio",
      "0.21.1"
    ],
    [
      "pytest-cov",
      "4.1.0"
    ],
    [
      "pytest-json-report",
      "1.5.0"
    ],
    [
      "pytest-metadata",
      "3.1.1"
    ],
    [
      "pytest-mock",
      "3.12.0"
    ],
    [
      "python-dateutil",
      "2.9.0.post0"
    ],
    [
      "python-decouple",
      "3.8"
    ],
    [
      "python-dotenv",
      "1.0.0"
    ],
    [
      "python-multipart",
      "0.0.6"
    ],
    [
      "redis",
      "5.2.1"
    ],
    [
      "requests",
      "2.32.4"
    ],
    [
      "respx",
      "0.20.1"
    ],
    [
      "rich",
      "14.0.0"
    ],
    [
      "rich-toolkit",
      "0.14.3"
    ],
    [
      "ruff",
      "0.1.6"
    ],
    [
      "scikit-learn",
      "1.3.2"
    ],
    [
      "scipy",
      "1.13.1"
    ],
    [
      "setuptools",
      "58.0.4"
    ],
    [
      "shellingham",
      "1.5.4"
    ],
    [
      "six",
      "1.15.0"
    ],
    [
      "sniffio",
      "1.3.1"
    ],
    [
      "starlette",
      "0.27.0"
    ],
    [
      "threadpoolctl",
      "3.6.0"
    ],
    [
      "tomli",
      "2.2.1"
    ],
    [
      "typer",
      "0.15.2"
    ],
    [
      "typing-extensions",
      "4.13.2"
    ],
    [
      "typing-inspection",
      "0.4.0"
    ],
    [
      "ujson",
      "5.10.0"
    ],
    [
      "urllib3",
      "2.0.7"
    ],
    [
      "uvicorn",
      "0.24.0"
    ],
    [
      "uvloop",
      "0.21.0"
    ],
    [
      "watchfiles",
      "1.0.5"
    ],
    [
      "websockets",
      "12.0"
    ],
    [
      "wheel",
      "0.37.0"
    ]
  ],
  "env_vars": {
    "VEYATIA_SEED": "42",
    "NUMPY_SEED": "42",
    "PYTHONHASHSEED": "0"
  },
  "sys_path": [
    "",
    "/Applications/Xcode.app/Contents/Developer/Library/Frameworks/Python3.framework/Versions/3.9/lib/python39.zip",
    "/Applications/Xcode.app/Contents/Developer/Library/Frameworks/Python3.framework/Versions/3.9/lib/python3.9"
  ],
  "env_hash": "f899cdbddf8ab9d9d498886fc6011fa55279cd2c39d901db65fa78154e1b3d3d"
}