{
  "release_bundle": {
    "timestamp": "20250809T062306Z",
    "commit": "bbdbbc7",
    "full_sha": "bbdbbc7c48071ee0d3bcf57742c83828c0dc06ac",
    "tag": "emotional-os-core-v1",
    "evidence_directory": "artifacts/release_evidence/20250809T062306Z",
    "verification_type": "phase1_lock",
    "tests_run": [
      "crown_jewels_protection",
      "immutable_core_break_tests",
      "api_health_check"
    ],
    "all_tests_passed": true,
    "coverage_percent": 23.6,
    "core_tests_result": {
      "status": "pass",
      "duration": 9.687774,
      "tests": "crown_jewels + immutable_core"
    },
    "api_result": {
      "status": "pass",
      "duration": 1.957336
    },
    "coverage_summary": {
      "coverage_percent": 23.6,
      "threshold_met": 1
    }
  }
}